trace_path,bucket,n_steps,H_mean,H_std,H_min,H_max,H_final,R_mean,R_std,R_min,R_max,R_final,HR_corr,neg_dR_count,abs_dR_mean,intervention,lag_H_to_R_steps,H_slope_per_step,curvature_zero_rate,stabilized,stabilized_index,run_id,run_root
/Users/joeystafford/repos/semantic-resonance-budget-falsification/reports/falsification/embed_noise/creative/20251029_2202/run_00/trace.csv,creative,801,0.46975951061173526,0.4911539880735974,-0.0,1.602539,0.383789,0.29351473907615483,0.17850956466299744,0.001696,0.94486,0.230544,-0.7105343027388366,403,0.2028425031210986,none,-33,9.307991299840239e-05,0.4868913857677903,False,800,run_00,/Users/joeystafford/repos/semantic-resonance-budget-falsification/reports/falsification/embed_noise/creative/20251029_2202/run_00
/Users/joeystafford/repos/semantic-resonance-budget-falsification/reports/falsification/embed_noise/creative/20251029_2202/run_01/trace.csv,creative,681,0.5529444346549193,0.4891276393742494,-0.0,1.589844,5e-06,0.29695019676945666,0.1780166390572076,0.005118,0.801434,0.398192,-0.7914349030877532,328,0.2021125212922173,none,-105,-0.0001826823847440454,0.5080763582966226,False,680,run_01,/Users/joeystafford/repos/semantic-resonance-budget-falsification/reports/falsification/embed_noise/creative/20251029_2202/run_01
/Users/joeystafford/repos/semantic-resonance-budget-falsification/reports/falsification/embed_noise/creative/20251029_2202/run_02/trace.csv,creative,722,0.5727319695290859,0.5097984773145616,-0.0,1.592773,0.001399,0.2746668864265928,0.16249536791390282,0.003628,0.809036,0.353208,-0.7767695020058416,346,0.192811891966759,none,1,8.053233220445014e-05,0.5110803324099723,False,721,run_02,/Users/joeystafford/repos/semantic-resonance-budget-falsification/reports/falsification/embed_noise/creative/20251029_2202/run_02
/Users/joeystafford/repos/semantic-resonance-budget-falsification/reports/falsification/embed_noise/creative/20251029_2202/run_03/trace.csv,creative,631,0.5143466196513471,0.4645965446105997,-0.0,1.582031,4e-06,0.31107217432646594,0.17851797372691608,0.009883,0.809065,0.431639,-0.7676207829105073,319,0.2000980206022187,none,37,-0.00027484282581013834,0.47702060221870046,False,630,run_03,/Users/joeystafford/repos/semantic-resonance-budget-falsification/reports/falsification/embed_noise/creative/20251029_2202/run_03
/Users/joeystafford/repos/semantic-resonance-budget-falsification/reports/falsification/embed_noise/creative/20251029_2202/run_04/trace.csv,creative,731,0.5078241299589603,0.4875350919347395,-0.0,1.601562,0.002405,0.2844234487004104,0.17056549166934692,0.001436,0.982716,0.376634,-0.7256905738395001,348,0.19744027086183313,none,1,-4.749029575659178e-05,0.5170998632010944,False,730,run_04,/Users/joeystafford/repos/semantic-resonance-budget-falsification/reports/falsification/embed_noise/creative/20251029_2202/run_04
/Users/joeystafford/repos/semantic-resonance-budget-falsification/reports/falsification/embed_noise/creative/20251029_2202/run_05/trace.csv,creative,362,0.47296257734806624,0.4749563436857285,-0.0,1.585938,0.051086,0.3135750607734807,0.16391026608770135,0.006402,0.839078,0.393119,-0.7407610791072928,186,0.17918833977900553,none,-105,-0.000281585999121457,0.4972375690607735,False,361,run_05,/Users/joeystafford/repos/semantic-resonance-budget-falsification/reports/falsification/embed_noise/creative/20251029_2202/run_05
/Users/joeystafford/repos/semantic-resonance-budget-falsification/reports/falsification/embed_noise/creative/20251029_2202/run_06/trace.csv,creative,577,0.4995882079722703,0.4758960691232399,-0.0,1.56543,3.2e-05,0.29064987348353555,0.17473002322302195,0.006195,0.867442,0.373528,-0.7262553040506999,271,0.19554578682842289,none,-18,-0.00010244504684073545,0.49566724436741766,False,576,run_06,/Users/joeystafford/repos/semantic-resonance-budget-falsification/reports/falsification/embed_noise/creative/20251029_2202/run_06
/Users/joeystafford/repos/semantic-resonance-budget-falsification/reports/falsification/embed_noise/creative/20251029_2202/run_07/trace.csv,creative,549,0.5405501566484516,0.5079459000415327,-0.0,1.595703,0.073669,0.2891375719489982,0.17353641128861028,0.002765,0.792935,0.286781,-0.766794790135617,266,0.20183021857923497,none,1,-0.00033889492640899873,0.4972677595628415,False,548,run_07,/Users/joeystafford/repos/semantic-resonance-budget-falsification/reports/falsification/embed_noise/creative/20251029_2202/run_07
/Users/joeystafford/repos/semantic-resonance-budget-falsification/reports/falsification/embed_noise/creative/20251029_2202/run_08/trace.csv,creative,513,0.48634094152046786,0.47909736765527217,-0.0,1.566406,0.062256,0.3060028888888889,0.1740892808277414,0.007961,0.762569,0.458832,-0.7673732122359816,243,0.20120384015594545,none,-179,-0.0004077085177138992,0.50682261208577,False,512,run_08,/Users/joeystafford/repos/semantic-resonance-budget-falsification/reports/falsification/embed_noise/creative/20251029_2202/run_08
/Users/joeystafford/repos/semantic-resonance-budget-falsification/reports/falsification/embed_noise/creative/20251029_2202/run_09/trace.csv,creative,442,0.5060106832579185,0.468265972555538,-0.0,1.547852,0.924316,0.29045072171945696,0.1666453117724024,0.010026,0.857766,0.093016,-0.741872625190069,229,0.18609478054298645,none,111,-0.0003737961119505961,0.4660633484162896,False,441,run_09,/Users/joeystafford/repos/semantic-resonance-budget-falsification/reports/falsification/embed_noise/creative/20251029_2202/run_09
/Users/joeystafford/repos/semantic-resonance-budget-falsification/reports/falsification/embed_noise/creative/20251029_2202/run_10/trace.csv,creative,474,0.6038744852320675,0.519152658476714,-0.0,1.589844,0.008492,0.2629933037974684,0.17746828205425175,0.002998,0.80836,0.327122,-0.776165466271917,229,0.21075639029535867,none,1,-6.914052314665518e-05,0.5042194092827004,False,473,run_10,/Users/joeystafford/repos/semantic-resonance-budget-falsification/reports/falsification/embed_noise/creative/20251029_2202/run_10
/Users/joeystafford/repos/semantic-resonance-budget-falsification/reports/falsification/embed_noise/creative/20251029_2202/run_11/trace.csv,creative,691,0.5393786251808972,0.49407223610934337,-0.0,1.599609,0.000174,0.25651860492040524,0.16759798136992932,0.002371,0.874002,0.366415,-0.6676124636430203,344,0.18423727062228656,none,81,-0.00021533925158456706,0.4804630969609262,False,690,run_11,/Users/joeystafford/repos/semantic-resonance-budget-falsification/reports/falsification/embed_noise/creative/20251029_2202/run_11
/Users/joeystafford/repos/semantic-resonance-budget-falsification/reports/falsification/embed_noise/creative/20251029_2202/run_12/trace.csv,creative,238,0.5729068235294117,0.5071657255387246,1e-06,1.572266,0.001242,0.2485906638655462,0.16518039746702998,0.005842,0.708737,0.318602,-0.7247295106560127,122,0.1791235756302521,none,85,0.00013027791399383904,0.4831932773109244,False,237,run_12,/Users/joeystafford/repos/semantic-resonance-budget-falsification/reports/falsification/embed_noise/creative/20251029_2202/run_12
/Users/joeystafford/repos/semantic-resonance-budget-falsification/reports/falsification/embed_noise/creative/20251029_2202/run_13/trace.csv,creative,663,0.5660712398190046,0.48449176946999234,-0.0,1.591797,0.761719,0.2763425942684766,0.16918628458383334,0.003257,0.810453,0.163313,-0.7327850609193282,308,0.180260209653092,none,-175,-2.1561710485637827e-05,0.4856711915535445,False,662,run_13,/Users/joeystafford/repos/semantic-resonance-budget-falsification/reports/falsification/embed_noise/creative/20251029_2202/run_13
/Users/joeystafford/repos/semantic-resonance-budget-falsification/reports/falsification/embed_noise/creative/20251029_2202/run_14/trace.csv,creative,721,0.445079907073509,0.462855356581802,-0.0,1.589844,5.3e-05,0.31668788765603334,0.17539154905384943,0.0053,0.926808,0.365222,-0.7308538576745492,355,0.1966606449375867,none,-97,-7.285797756399079e-05,0.4840499306518724,False,720,run_14,/Users/joeystafford/repos/semantic-resonance-budget-falsification/reports/falsification/embed_noise/creative/20251029_2202/run_14
/Users/joeystafford/repos/semantic-resonance-budget-falsification/reports/falsification/embed_noise/creative/20251029_2202/run_15/trace.csv,creative,523,0.6021300019120459,0.5052648938378911,-0.0,1.599609,0.004528,0.2630587017208413,0.16710879582332275,0.00288,0.829027,0.442112,-0.7473736522089625,263,0.1952106864244742,none,-15,-1.0201488735009492e-06,0.49521988527724664,False,522,run_15,/Users/joeystafford/repos/semantic-resonance-budget-falsification/reports/falsification/embed_noise/creative/20251029_2202/run_15
/Users/joeystafford/repos/semantic-resonance-budget-falsification/reports/falsification/embed_noise/creative/20251029_2202/run_16/trace.csv,creative,322,0.6853110559006211,0.5301895615695285,-0.0,1.599609,1.7e-05,0.25540643167701865,0.20105548681200988,0.002649,0.844635,0.399898,-0.7099689320943213,171,0.22518455279503102,none,61,-0.0004314512911818024,0.4937888198757764,False,321,run_16,/Users/joeystafford/repos/semantic-resonance-budget-falsification/reports/falsification/embed_noise/creative/20251029_2202/run_16
/Users/joeystafford/repos/semantic-resonance-budget-falsification/reports/falsification/embed_noise/creative/20251029_2202/run_17/trace.csv,creative,638,0.5031383322884012,0.482070789564855,-0.0,1.587891,0.008469,0.2859518793103448,0.17044072927028808,0.006419,0.794243,0.35457,-0.7190984040800122,315,0.19522176802507835,none,-112,-0.0001113847809490627,0.4890282131661442,False,637,run_17,/Users/joeystafford/repos/semantic-resonance-budget-falsification/reports/falsification/embed_noise/creative/20251029_2202/run_17
/Users/joeystafford/repos/semantic-resonance-budget-falsification/reports/falsification/embed_noise/creative/20251029_2202/run_18/trace.csv,creative,640,0.5549501937500001,0.47918227845879535,-0.0,1.589844,0.004089,0.29891859375,0.16701475338869942,0.003917,0.800745,0.308784,-0.7780167763057995,311,0.19842160625,none,1,-4.514872384331992e-05,0.49375,False,639,run_18,/Users/joeystafford/repos/semantic-resonance-budget-falsification/reports/falsification/embed_noise/creative/20251029_2202/run_18
/Users/joeystafford/repos/semantic-resonance-budget-falsification/reports/falsification/embed_noise/creative/20251029_2202/run_19/trace.csv,creative,384,0.5682261875,0.4776812140965471,-0.0,1.555664,0.671387,0.28958432031250003,0.16853363960265533,0.012185,0.724857,0.199641,-0.7930011083125635,196,0.19773448437499996,none,45,-3.018627526194095e-05,0.5260416666666666,False,383,run_19,/Users/joeystafford/repos/semantic-resonance-budget-falsification/reports/falsification/embed_noise/creative/20251029_2202/run_19
/Users/joeystafford/repos/semantic-resonance-budget-falsification/reports/falsification/embed_noise/creative/20251029_2202/run_20/trace.csv,creative,735,0.47090627755102044,0.4630660347111662,-0.0,1.556641,0.004551,0.3081732775510204,0.17200224898428176,0.009858,0.810306,0.368827,-0.7504957204422764,361,0.1948183863945578,none,-303,-0.0002875230555609276,0.4884353741496599,False,734,run_20,/Users/joeystafford/repos/semantic-resonance-budget-falsification/reports/falsification/embed_noise/creative/20251029_2202/run_20
/Users/joeystafford/repos/semantic-resonance-budget-falsification/reports/falsification/embed_noise/creative/20251029_2202/run_21/trace.csv,creative,672,0.5639068943452381,0.4965793283941061,-0.0,1.595703,0.000276,0.2671304360119048,0.1709146697682674,0.005742,0.75774,0.385188,-0.6810680517249639,326,0.19268688244047616,none,168,-9.040423883079752e-05,0.49255952380952384,False,671,run_21,/Users/joeystafford/repos/semantic-resonance-budget-falsification/reports/falsification/embed_noise/creative/20251029_2202/run_21
/Users/joeystafford/repos/semantic-resonance-budget-falsification/reports/falsification/embed_noise/creative/20251029_2202/run_22/trace.csv,creative,445,0.561636808988764,0.48070406391491205,-0.0,1.592773,9e-06,0.2831349056179775,0.17677092483883658,0.00428,0.90686,0.398924,-0.7935636483327722,226,0.19291390112359552,none,90,-0.00010052059620965193,0.449438202247191,False,444,run_22,/Users/joeystafford/repos/semantic-resonance-budget-falsification/reports/falsification/embed_noise/creative/20251029_2202/run_22
/Users/joeystafford/repos/semantic-resonance-budget-falsification/reports/falsification/embed_noise/creative/20251029_2202/run_23/trace.csv,creative,565,0.6029218761061947,0.5108509746824226,-0.0,1.600586,0.006981,0.26648050796460176,0.1709193141213372,0.002675,0.879783,0.309686,-0.762841841295102,278,0.2033422867256637,none,1,-0.0004047837209658208,0.5008849557522124,False,564,run_23,/Users/joeystafford/repos/semantic-resonance-budget-falsification/reports/falsification/embed_noise/creative/20251029_2202/run_23
/Users/joeystafford/repos/semantic-resonance-budget-falsification/reports/falsification/embed_noise/creative/20251029_2202/run_24/trace.csv,creative,605,0.4847798314049586,0.4802502922015637,-0.0,1.583008,0.59668,0.3146192181818182,0.1801468321861901,0.003544,0.890609,0.174983,-0.7571024427452809,307,0.20619014545454545,none,8,0.0001752310647560841,0.484297520661157,False,604,run_24,/Users/joeystafford/repos/semantic-resonance-budget-falsification/reports/falsification/embed_noise/creative/20251029_2202/run_24
/Users/joeystafford/repos/semantic-resonance-budget-falsification/reports/falsification/embed_noise/creative/20251029_2202/run_25/trace.csv,creative,564,0.5158268953900709,0.49318251518560485,-0.0,1.589844,0.02597,0.27297512234042554,0.16609075134897686,0.002521,0.784356,0.527001,-0.7226750207501283,281,0.18184121985815602,none,-103,-0.00023780064530509477,0.4929078014184397,False,563,run_25,/Users/joeystafford/repos/semantic-resonance-budget-falsification/reports/falsification/embed_noise/creative/20251029_2202/run_25
/Users/joeystafford/repos/semantic-resonance-budget-falsification/reports/falsification/embed_noise/creative/20251029_2202/run_26/trace.csv,creative,607,0.5509819126853377,0.48792891246397835,-0.0,1.580078,0.363281,0.28951203789126856,0.17552483118640233,0.006594,0.811282,0.171642,-0.7695438386964412,299,0.19699067874794068,none,70,-0.0004242003517886265,0.4958813838550247,False,606,run_26,/Users/joeystafford/repos/semantic-resonance-budget-falsification/reports/falsification/embed_noise/creative/20251029_2202/run_26
/Users/joeystafford/repos/semantic-resonance-budget-falsification/reports/falsification/embed_noise/creative/20251029_2202/run_27/trace.csv,creative,532,0.5854116785714286,0.4902515806098909,-0.0,1.592773,0.064697,0.27301978195488724,0.1708153820910161,0.003039,0.786254,0.279317,-0.7595565354968953,274,0.1994095977443609,none,1,-7.31807065203309e-05,0.5169172932330827,False,531,run_27,/Users/joeystafford/repos/semantic-resonance-budget-falsification/reports/falsification/embed_noise/creative/20251029_2202/run_27
/Users/joeystafford/repos/semantic-resonance-budget-falsification/reports/falsification/embed_noise/creative/20251029_2202/run_28/trace.csv,creative,673,0.4486587280832095,0.46213124262073657,-0.0,1.580078,0.207031,0.3111753506686479,0.17388408579324735,0.006881,0.842785,0.284427,-0.7448213085577622,325,0.20367443387815748,none,1,-0.00012687922199889595,0.4933135215453195,False,672,run_28,/Users/joeystafford/repos/semantic-resonance-budget-falsification/reports/falsification/embed_noise/creative/20251029_2202/run_28
/Users/joeystafford/repos/semantic-resonance-budget-falsification/reports/falsification/embed_noise/creative/20251029_2202/run_29/trace.csv,creative,434,0.44909932949308756,0.4478908587417876,-0.0,1.570312,0.013481,0.3269072880184332,0.1651437552159129,0.009817,0.76372,0.294146,-0.7987682069679547,204,0.19377161981566818,none,1,5.404998699018812e-06,0.5207373271889401,False,433,run_29,/Users/joeystafford/repos/semantic-resonance-budget-falsification/reports/falsification/embed_noise/creative/20251029_2202/run_29
/Users/joeystafford/repos/semantic-resonance-budget-falsification/reports/falsification/embed_noise/multilingual/20251029_2226/run_00/trace.csv,multilingual,575,0.38899308173913044,0.4922337516251173,-0.0,1.59082,0.06311,0.30900001391304344,0.17264223098820333,0.003048,0.772434,0.263419,-0.6837346611802205,284,0.1892323460869565,none,3,-0.00030021376085694144,0.46260869565217394,False,574,run_00,/Users/joeystafford/repos/semantic-resonance-budget-falsification/reports/falsification/embed_noise/multilingual/20251029_2226/run_00
/Users/joeystafford/repos/semantic-resonance-budget-falsification/reports/falsification/embed_noise/multilingual/20251029_2226/run_01/trace.csv,multilingual,673,0.3211808335809807,0.4172484662970046,-0.0,1.574219,0.773926,0.3204926047548291,0.1610322445018571,0.007837,0.761569,0.110328,-0.5784144499627635,346,0.16788960772659733,none,-46,-2.028795637868829e-05,0.4784546805349183,False,672,run_01,/Users/joeystafford/repos/semantic-resonance-budget-falsification/reports/falsification/embed_noise/multilingual/20251029_2226/run_01
/Users/joeystafford/repos/semantic-resonance-budget-falsification/reports/falsification/embed_noise/multilingual/20251029_2226/run_02/trace.csv,multilingual,653,0.28585979632465547,0.38532242184670484,-0.0,1.525391,4.5e-05,0.3780605865237366,0.16958595178275176,0.027641,0.792187,0.394032,-0.622096276275378,298,0.17040784839203676,none,-321,-0.0002620094040166526,0.4762633996937213,False,652,run_02,/Users/joeystafford/repos/semantic-resonance-budget-falsification/reports/falsification/embed_noise/multilingual/20251029_2226/run_02
/Users/joeystafford/repos/semantic-resonance-budget-falsification/reports/falsification/embed_noise/multilingual/20251029_2226/run_03/trace.csv,multilingual,369,0.6192752005420055,0.5328366335455146,-0.0,1.607422,0.014374,0.2807639864498645,0.18915917392018058,0.000413,0.854218,0.296401,-0.799773627074402,184,0.18703968834688345,none,-145,0.00017503956488301684,0.4742547425474255,False,368,run_03,/Users/joeystafford/repos/semantic-resonance-budget-falsification/reports/falsification/embed_noise/multilingual/20251029_2226/run_03
/Users/joeystafford/repos/semantic-resonance-budget-falsification/reports/falsification/embed_noise/multilingual/20251029_2226/run_04/trace.csv,multilingual,478,0.4183262677824269,0.49511425386468816,-0.0,1.575195,0.990234,0.29239133682008367,0.1731686742016671,0.009246,0.893399,0.099659,-0.6615163090305535,244,0.18876745188284522,none,-198,-0.0005840458015636235,0.4790794979079498,False,477,run_04,/Users/joeystafford/repos/semantic-resonance-budget-falsification/reports/falsification/embed_noise/multilingual/20251029_2226/run_04
/Users/joeystafford/repos/semantic-resonance-budget-falsification/reports/falsification/embed_noise/multilingual/20251029_2226/run_05/trace.csv,multilingual,819,0.48424486446886444,0.5173149102449575,-0.0,1.602539,0.729004,0.2931452002442002,0.17599663460145148,0.002043,0.822288,0.146511,-0.7334843999170644,400,0.17198859829059826,none,-403,-0.00037989258768742336,0.4884004884004884,False,818,run_05,/Users/joeystafford/repos/semantic-resonance-budget-falsification/reports/falsification/embed_noise/multilingual/20251029_2226/run_05
/Users/joeystafford/repos/semantic-resonance-budget-falsification/reports/falsification/embed_noise/multilingual/20251029_2226/run_06/trace.csv,multilingual,512,0.583120603515625,0.5589105317502793,1e-06,1.580078,5.9e-05,0.25430725,0.17643041172188956,0.006792,0.718623,0.405503,-0.7356324099844926,250,0.18469263281249998,none,52,-0.00038812301877875376,0.43359375,False,511,run_06,/Users/joeystafford/repos/semantic-resonance-budget-falsification/reports/falsification/embed_noise/multilingual/20251029_2226/run_06
/Users/joeystafford/repos/semantic-resonance-budget-falsification/reports/falsification/embed_noise/multilingual/20251029_2226/run_07/trace.csv,multilingual,582,0.376529058419244,0.43969480666225685,-0.0,1.587891,0.000195,0.3224677044673539,0.16277490797668992,0.00225,0.830427,0.372269,-0.658636223692671,279,0.16572448625429553,none,31,-0.00014420488078769852,0.4879725085910653,False,581,run_07,/Users/joeystafford/repos/semantic-resonance-budget-falsification/reports/falsification/embed_noise/multilingual/20251029_2226/run_07
/Users/joeystafford/repos/semantic-resonance-budget-falsification/reports/falsification/embed_noise/multilingual/20251029_2226/run_08/trace.csv,multilingual,543,0.7187377016574586,0.5378206793705292,-0.0,1.591797,0.209229,0.237106620626151,0.17346401864069522,0.0,0.780527,0.306496,-0.754758014302097,274,0.1901104106813996,none,111,0.0001577489163439722,0.4972375690607735,True,113,run_08,/Users/joeystafford/repos/semantic-resonance-budget-falsification/reports/falsification/embed_noise/multilingual/20251029_2226/run_08
/Users/joeystafford/repos/semantic-resonance-budget-falsification/reports/falsification/embed_noise/multilingual/20251029_2226/run_09/trace.csv,multilingual,614,0.3294957622149837,0.43419792566697474,-0.0,1.605469,0.121948,0.34158694136807816,0.17506429776355337,0.000729,0.810856,0.254073,-0.6164207522957803,306,0.171589161237785,none,-358,-0.0003259786759455989,0.46905537459283386,False,613,run_09,/Users/joeystafford/repos/semantic-resonance-budget-falsification/reports/falsification/embed_noise/multilingual/20251029_2226/run_09
/Users/joeystafford/repos/semantic-resonance-budget-falsification/reports/falsification/embed_noise/multilingual/20251029_2226/run_10/trace.csv,multilingual,353,0.5535408243626062,0.5082640708504159,-0.0,1.576172,0.807617,0.2914086345609065,0.18301407699430913,0.005092,0.771207,0.139875,-0.782008664324855,177,0.17301081019830028,none,118,0.00038054215097421966,0.4985835694050991,False,352,run_10,/Users/joeystafford/repos/semantic-resonance-budget-falsification/reports/falsification/embed_noise/multilingual/20251029_2226/run_10
/Users/joeystafford/repos/semantic-resonance-budget-falsification/reports/falsification/embed_noise/multilingual/20251029_2226/run_11/trace.csv,multilingual,677,0.4595845361890694,0.49112624827964385,-0.0,1.567383,0.035431,0.30255146971935004,0.17136308264004102,0.009409,0.820949,0.322573,-0.7208523122070091,336,0.19120273855243722,none,-167,-0.00028385448737994646,0.4756277695716396,False,676,run_11,/Users/joeystafford/repos/semantic-resonance-budget-falsification/reports/falsification/embed_noise/multilingual/20251029_2226/run_11
/Users/joeystafford/repos/semantic-resonance-budget-falsification/reports/falsification/embed_noise/multilingual/20251029_2226/run_12/trace.csv,multilingual,442,0.4798054411764706,0.5078881830973346,-0.0,1.574219,0.090515,0.2912710475113122,0.1826206620263344,0.005393,0.814645,0.245156,-0.6683486487711722,230,0.1870847398190045,none,-46,-0.0008088329572495764,0.47058823529411764,False,441,run_12,/Users/joeystafford/repos/semantic-resonance-budget-falsification/reports/falsification/embed_noise/multilingual/20251029_2226/run_12
/Users/joeystafford/repos/semantic-resonance-budget-falsification/reports/falsification/embed_noise/multilingual/20251029_2226/run_13/trace.csv,multilingual,437,0.5221248672768879,0.49165075519395196,-0.0,1.603516,4.8e-05,0.2903402517162471,0.17162499983503568,0.0002,0.801962,0.389148,-0.7594802091753531,214,0.18075596796338675,none,-60,-8.171967977765896e-05,0.5034324942791762,False,436,run_13,/Users/joeystafford/repos/semantic-resonance-budget-falsification/reports/falsification/embed_noise/multilingual/20251029_2226/run_13
/Users/joeystafford/repos/semantic-resonance-budget-falsification/reports/falsification/embed_noise/multilingual/20251029_2226/run_14/trace.csv,multilingual,748,0.45288400534759354,0.4821195137481847,-0.0,1.595703,0.000141,0.3195919946524064,0.17474128195369526,0.003486,0.846701,0.360564,-0.7449520769976898,369,0.19279207352941177,none,-110,-0.0001212036106414188,0.49331550802139035,False,747,run_14,/Users/joeystafford/repos/semantic-resonance-budget-falsification/reports/falsification/embed_noise/multilingual/20251029_2226/run_14
/Users/joeystafford/repos/semantic-resonance-budget-falsification/reports/falsification/embed_noise/multilingual/20251029_2226/run_15/trace.csv,multilingual,840,0.3206632726190476,0.4392120906436355,-0.0,1.549805,0.143433,0.32561640595238095,0.1735230149849848,0.009987,0.866149,0.227609,-0.6072518822809807,417,0.18396171904761904,none,-327,0.00013172131171023248,0.4583333333333333,False,839,run_15,/Users/joeystafford/repos/semantic-resonance-budget-falsification/reports/falsification/embed_noise/multilingual/20251029_2226/run_15
/Users/joeystafford/repos/semantic-resonance-budget-falsification/reports/falsification/embed_noise/multilingual/20251029_2226/run_16/trace.csv,multilingual,509,0.5576508330058939,0.491438455394616,-0.0,1.591797,0.000815,0.2607425088408645,0.16443697372691468,0.002813,0.719583,0.357973,-0.7514406293766619,254,0.1742181296660118,none,-18,-0.000360696554742748,0.44597249508840864,False,508,run_16,/Users/joeystafford/repos/semantic-resonance-budget-falsification/reports/falsification/embed_noise/multilingual/20251029_2226/run_16
/Users/joeystafford/repos/semantic-resonance-budget-falsification/reports/falsification/embed_noise/multilingual/20251029_2226/run_17/trace.csv,multilingual,425,0.457337665882353,0.4861359054652166,-0.0,1.595703,0.203003,0.2984842752941177,0.17443810046731925,0.003904,0.770196,0.241295,-0.6666019134533284,210,0.18589717176470585,none,-88,-5.026213174719851e-05,0.49411764705882355,False,424,run_17,/Users/joeystafford/repos/semantic-resonance-budget-falsification/reports/falsification/embed_noise/multilingual/20251029_2226/run_17
/Users/joeystafford/repos/semantic-resonance-budget-falsification/reports/falsification/embed_noise/multilingual/20251029_2226/run_18/trace.csv,multilingual,532,0.48049531390977446,0.48749878824367343,-0.0,1.600586,7.3e-05,0.2905604454887218,0.16919132382345806,0.002339,0.840599,0.357406,-0.7157008683525582,254,0.18902754887218046,none,-10,-2.6004659747757657e-05,0.4830827067669173,False,531,run_18,/Users/joeystafford/repos/semantic-resonance-budget-falsification/reports/falsification/embed_noise/multilingual/20251029_2226/run_18
/Users/joeystafford/repos/semantic-resonance-budget-falsification/reports/falsification/embed_noise/multilingual/20251029_2226/run_19/trace.csv,multilingual,683,0.4480002459736456,0.4748196626503867,-0.0,1.591797,0.000895,0.3100430483162518,0.17876770817919516,0.003946,0.855005,0.362347,-0.7170413796738988,319,0.20837444363103952,none,1,-3.9174726079398694e-05,0.493411420204978,False,682,run_19,/Users/joeystafford/repos/semantic-resonance-budget-falsification/reports/falsification/embed_noise/multilingual/20251029_2226/run_19
/Users/joeystafford/repos/semantic-resonance-budget-falsification/reports/falsification/embed_noise/multilingual/20251029_2226/run_20/trace.csv,multilingual,726,0.36823272865013773,0.45586901097824184,-0.0,1.599609,0.415039,0.34058959504132225,0.17474109404491855,0.002314,0.779793,0.205279,-0.6693434593730571,362,0.19688178099173553,none,205,0.00018782849670507333,0.48760330578512395,False,725,run_20,/Users/joeystafford/repos/semantic-resonance-budget-falsification/reports/falsification/embed_noise/multilingual/20251029_2226/run_20
/Users/joeystafford/repos/semantic-resonance-budget-falsification/reports/falsification/embed_noise/multilingual/20251029_2226/run_21/trace.csv,multilingual,349,0.4444798796561605,0.5248914510398389,-0.0,1.587891,0.011215,0.291503558739255,0.18788261818067206,0.002644,0.783841,0.285594,-0.6625282678573672,174,0.22324099426934096,none,1,-0.00011962544412607546,0.4871060171919771,False,348,run_21,/Users/joeystafford/repos/semantic-resonance-budget-falsification/reports/falsification/embed_noise/multilingual/20251029_2226/run_21
/Users/joeystafford/repos/semantic-resonance-budget-falsification/reports/falsification/embed_noise/multilingual/20251029_2226/run_22/trace.csv,multilingual,721,0.46628379472954234,0.5137611782366914,-0.0,1.598633,0.004719,0.2879086296809987,0.17515122673865477,0.001473,0.749137,0.286511,-0.6862551210860063,337,0.19626885298196947,none,1,-7.415761868903177e-05,0.47711511789181693,False,720,run_22,/Users/joeystafford/repos/semantic-resonance-budget-falsification/reports/falsification/embed_noise/multilingual/20251029_2226/run_22
/Users/joeystafford/repos/semantic-resonance-budget-falsification/reports/falsification/embed_noise/multilingual/20251029_2226/run_23/trace.csv,multilingual,604,0.4109361821192053,0.46781377412945174,-0.0,1.597656,7.8e-05,0.3192755612582781,0.17151297327046156,0.003674,0.801381,0.337386,-0.6590941901687195,302,0.18755913907284769,none,64,-3.3595373523712224e-05,0.47019867549668876,False,603,run_23,/Users/joeystafford/repos/semantic-resonance-budget-falsification/reports/falsification/embed_noise/multilingual/20251029_2226/run_23
/Users/joeystafford/repos/semantic-resonance-budget-falsification/reports/falsification/embed_noise/multilingual/20251029_2226/run_24/trace.csv,multilingual,599,0.5475653238731218,0.5152886613621462,-0.0,1.599609,0.916504,0.27092364607679464,0.17692664237119912,0.001357,0.808342,0.120985,-0.7150338743500745,285,0.20141077963272122,none,9,-7.779819906086469e-05,0.48914858096828046,False,598,run_24,/Users/joeystafford/repos/semantic-resonance-budget-falsification/reports/falsification/embed_noise/multilingual/20251029_2226/run_24
/Users/joeystafford/repos/semantic-resonance-budget-falsification/reports/falsification/embed_noise/multilingual/20251029_2226/run_25/trace.csv,multilingual,1098,0.21504844535519127,0.38516379141804813,-0.0,1.588867,0.45166,0.4182193816029144,0.1896291572646822,0.0,0.818987,0.211455,-0.6359630292486587,554,0.1673286757741348,none,-460,-0.0003332902589765424,0.4344262295081967,False,1097,run_25,/Users/joeystafford/repos/semantic-resonance-budget-falsification/reports/falsification/embed_noise/multilingual/20251029_2226/run_25
/Users/joeystafford/repos/semantic-resonance-budget-falsification/reports/falsification/embed_noise/multilingual/20251029_2226/run_26/trace.csv,multilingual,446,0.6092696524663677,0.5332483577564185,-0.0,1.608398,0.671387,0.25148988340807177,0.17471122896772381,0.000195,0.808992,0.148272,-0.7322285692559182,214,0.18917942825112105,none,-90,0.0001842927790212562,0.45739910313901344,False,445,run_26,/Users/joeystafford/repos/semantic-resonance-budget-falsification/reports/falsification/embed_noise/multilingual/20251029_2226/run_26
/Users/joeystafford/repos/semantic-resonance-budget-falsification/reports/falsification/embed_noise/multilingual/20251029_2226/run_27/trace.csv,multilingual,830,0.4263400542168675,0.46354232899963205,-0.0,1.572266,6.1e-05,0.30736152771084335,0.16480565461221308,0.007116,0.840909,0.372545,-0.7036172651870616,417,0.18890888313253013,none,-62,-0.00011523055913367086,0.4807228915662651,False,829,run_27,/Users/joeystafford/repos/semantic-resonance-budget-falsification/reports/falsification/embed_noise/multilingual/20251029_2226/run_27
/Users/joeystafford/repos/semantic-resonance-budget-falsification/reports/falsification/embed_noise/multilingual/20251029_2226/run_28/trace.csv,multilingual,361,0.47333170360110804,0.47801108014462806,-0.0,1.575195,0.001229,0.31992840443213294,0.17473049818568798,0.006742,0.77161,0.36154,-0.7805507918118416,175,0.17622617451523545,none,-17,-0.00026874118878907315,0.47368421052631576,False,360,run_28,/Users/joeystafford/repos/semantic-resonance-budget-falsification/reports/falsification/embed_noise/multilingual/20251029_2226/run_28
/Users/joeystafford/repos/semantic-resonance-budget-falsification/reports/falsification/embed_noise/multilingual/20251029_2226/run_29/trace.csv,multilingual,572,0.5594303863636364,0.49398698194002305,-0.0,1.591797,0.000283,0.27945178671328674,0.17146572871653878,0.006395,0.746121,0.343446,-0.7451986969229338,283,0.19547087237762237,none,77,-0.0002107863029819141,0.49475524475524474,False,571,run_29,/Users/joeystafford/repos/semantic-resonance-budget-falsification/reports/falsification/embed_noise/multilingual/20251029_2226/run_29
/Users/joeystafford/repos/semantic-resonance-budget-falsification/reports/falsification/embed_noise/science/20251029_2048/run_00/trace.csv,science,749,0.3276614606141522,0.4126792646462335,-0.0,1.523438,7e-06,0.3672724699599466,0.15590407418983235,0.014233,0.852067,0.382323,-0.6862881605451824,372,0.165357608811749,none,476,0.00018469263294374613,0.4739652870493992,False,748,run_00,/Users/joeystafford/repos/semantic-resonance-budget-falsification/reports/falsification/embed_noise/science/20251029_2048/run_00
/Users/joeystafford/repos/semantic-resonance-budget-falsification/reports/falsification/embed_noise/science/20251029_2048/run_01/trace.csv,science,647,0.3754107959814528,0.44942442992086284,-0.0,1.602539,0.014534,0.319528630602782,0.16661159832829647,0.001244,0.765965,0.32492,-0.6467819650056343,309,0.1798664204018547,none,83,0.00012545903543951473,0.46831530139103555,False,646,run_01,/Users/joeystafford/repos/semantic-resonance-budget-falsification/reports/falsification/embed_noise/science/20251029_2048/run_01
/Users/joeystafford/repos/semantic-resonance-budget-falsification/reports/falsification/embed_noise/science/20251029_2048/run_02/trace.csv,science,612,0.44740607679738564,0.4600955278964461,-0.0,1.580078,0.001126,0.3256182140522876,0.17658902614865118,0.004837,0.841953,0.340338,-0.7492859540465194,297,0.20083726307189542,none,1,-0.0001603560460059727,0.5049019607843137,False,611,run_02,/Users/joeystafford/repos/semantic-resonance-budget-falsification/reports/falsification/embed_noise/science/20251029_2048/run_02
/Users/joeystafford/repos/semantic-resonance-budget-falsification/reports/falsification/embed_noise/science/20251029_2048/run_03/trace.csv,science,731,0.4328322065663475,0.46215019700791127,-0.0,1.604492,0.004623,0.30623814090287277,0.16450389969369406,0.001002,0.757443,0.305273,-0.6945462795233547,362,0.1793509904240766,none,62,-0.00015664915725668597,0.46785225718194257,False,730,run_03,/Users/joeystafford/repos/semantic-resonance-budget-falsification/reports/falsification/embed_noise/science/20251029_2048/run_03
/Users/joeystafford/repos/semantic-resonance-budget-falsification/reports/falsification/embed_noise/science/20251029_2048/run_04/trace.csv,science,664,0.35085836596385545,0.42187928861519614,-0.0,1.589844,0.688965,0.35876768072289156,0.16455317233613584,0.004574,0.808598,0.148426,-0.6746469771543899,315,0.17910523042168675,none,68,-6.878993107120396e-05,0.4683734939759036,False,663,run_04,/Users/joeystafford/repos/semantic-resonance-budget-falsification/reports/falsification/embed_noise/science/20251029_2048/run_04
/Users/joeystafford/repos/semantic-resonance-budget-falsification/reports/falsification/embed_noise/science/20251029_2048/run_05/trace.csv,science,673,0.3887372199108469,0.4406734016288923,-0.0,1.588867,0.022507,0.33489764784546805,0.1691990678168425,0.002046,0.814793,0.284779,-0.6973115648701611,325,0.18784010104011883,none,317,7.410656297496779e-05,0.5037147102526003,False,672,run_05,/Users/joeystafford/repos/semantic-resonance-budget-falsification/reports/falsification/embed_noise/science/20251029_2048/run_05
/Users/joeystafford/repos/semantic-resonance-budget-falsification/reports/falsification/embed_noise/science/20251029_2048/run_06/trace.csv,science,620,0.3801706048387097,0.44445664350874,-0.0,1.583008,0.137329,0.34893174677419353,0.16641554987322688,0.009999,0.823349,0.265514,-0.6940412472329954,293,0.18918258387096776,none,50,-9.530867674540995e-06,0.4935483870967742,False,619,run_06,/Users/joeystafford/repos/semantic-resonance-budget-falsification/reports/falsification/embed_noise/science/20251029_2048/run_06
/Users/joeystafford/repos/semantic-resonance-budget-falsification/reports/falsification/embed_noise/science/20251029_2048/run_07/trace.csv,science,604,0.3831773973509934,0.4523756070221551,-0.0,1.586914,0.761719,0.3477992251655629,0.16049398766262232,0.002913,0.818149,0.122678,-0.7434182991771088,292,0.17868912913907287,none,-90,-0.0003385123418537548,0.5264900662251656,False,603,run_07,/Users/joeystafford/repos/semantic-resonance-budget-falsification/reports/falsification/embed_noise/science/20251029_2048/run_07
/Users/joeystafford/repos/semantic-resonance-budget-falsification/reports/falsification/embed_noise/science/20251029_2048/run_08/trace.csv,science,524,0.44238929580152675,0.4714150723899705,-0.0,1.56543,0.011192,0.31996952862595424,0.166765442081318,0.009046,0.793136,0.317115,-0.7379697349563998,256,0.1942812576335878,none,164,-0.00021484314655612812,0.5152671755725191,False,523,run_08,/Users/joeystafford/repos/semantic-resonance-budget-falsification/reports/falsification/embed_noise/science/20251029_2048/run_08
/Users/joeystafford/repos/semantic-resonance-budget-falsification/reports/falsification/embed_noise/science/20251029_2048/run_09/trace.csv,science,722,0.3442220193905817,0.438147520185203,-0.0,1.573242,0.645508,0.3495425069252077,0.16562660997114112,0.00817,0.776563,0.179268,-0.6868733737267648,363,0.1973807382271468,none,1,-0.00021433433683968779,0.5096952908587258,False,721,run_09,/Users/joeystafford/repos/semantic-resonance-budget-falsification/reports/falsification/embed_noise/science/20251029_2048/run_09
/Users/joeystafford/repos/semantic-resonance-budget-falsification/reports/falsification/embed_noise/science/20251029_2048/run_10/trace.csv,science,600,0.35866796333333334,0.4420733566442286,-0.0,1.595703,0.087463,0.37571095499999996,0.1720609081122912,0.005605,0.917858,0.247958,-0.7574463213216273,303,0.188422425,none,-20,-0.00010037059036275132,0.47333333333333333,False,599,run_10,/Users/joeystafford/repos/semantic-resonance-budget-falsification/reports/falsification/embed_noise/science/20251029_2048/run_10
/Users/joeystafford/repos/semantic-resonance-budget-falsification/reports/falsification/embed_noise/science/20251029_2048/run_11/trace.csv,science,675,0.3613823925925926,0.4552634114224472,-0.0,1.577148,0.597656,0.37226905185185183,0.18667693104206723,0.011838,0.931018,0.157931,-0.6941335417098637,330,0.1991329511111111,none,-81,-0.00042611791067488316,0.48,False,674,run_11,/Users/joeystafford/repos/semantic-resonance-budget-falsification/reports/falsification/embed_noise/science/20251029_2048/run_11
/Users/joeystafford/repos/semantic-resonance-budget-falsification/reports/falsification/embed_noise/science/20251029_2048/run_12/trace.csv,science,578,0.293090892733564,0.3964411046986606,-0.0,1.580078,0.194458,0.3499473079584775,0.16247971652611562,0.008351,0.837885,0.560647,-0.5808390316883139,280,0.17453000865051901,none,7,0.00025757265822682777,0.4982698961937716,False,577,run_12,/Users/joeystafford/repos/semantic-resonance-budget-falsification/reports/falsification/embed_noise/science/20251029_2048/run_12
/Users/joeystafford/repos/semantic-resonance-budget-falsification/reports/falsification/embed_noise/science/20251029_2048/run_13/trace.csv,science,533,0.3004164296435272,0.4020685682187222,-0.0,1.537109,0.001599,0.38293448405253283,0.1726990040550121,0.01761,0.851477,0.348286,-0.6535236873031872,259,0.1857600731707317,none,-98,0.00013799879983281293,0.46904315196998125,False,532,run_13,/Users/joeystafford/repos/semantic-resonance-budget-falsification/reports/falsification/embed_noise/science/20251029_2048/run_13
/Users/joeystafford/repos/semantic-resonance-budget-falsification/reports/falsification/embed_noise/science/20251029_2048/run_14/trace.csv,science,594,0.4677814461279461,0.48006025141936387,-0.0,1.59668,4.2e-05,0.30066786531986534,0.16144129202362684,0.002564,0.816872,0.387929,-0.6796318678544309,287,0.17957879292929294,none,-55,8.58635098988053e-07,0.47474747474747475,False,593,run_14,/Users/joeystafford/repos/semantic-resonance-budget-falsification/reports/falsification/embed_noise/science/20251029_2048/run_14
/Users/joeystafford/repos/semantic-resonance-budget-falsification/reports/falsification/embed_noise/science/20251029_2048/run_15/trace.csv,science,583,0.4169636586620926,0.47269736504277515,-0.0,1.605469,0.555664,0.3404346466552315,0.1736445529712797,0.000727,0.817475,0.169601,-0.7316454600716644,302,0.18674207204116638,none,24,-0.0002783206414721303,0.48198970840480276,False,582,run_15,/Users/joeystafford/repos/semantic-resonance-budget-falsification/reports/falsification/embed_noise/science/20251029_2048/run_15
/Users/joeystafford/repos/semantic-resonance-budget-falsification/reports/falsification/embed_noise/science/20251029_2048/run_16/trace.csv,science,651,0.3661483579109063,0.4451587135157779,-0.0,1.585938,0.001337,0.33226458218125965,0.16347721750114783,0.00341,0.831375,0.354198,-0.6243393916357923,308,0.16750516897081413,none,202,-0.00013666241084069343,0.4715821812596006,False,650,run_16,/Users/joeystafford/repos/semantic-resonance-budget-falsification/reports/falsification/embed_noise/science/20251029_2048/run_16
/Users/joeystafford/repos/semantic-resonance-budget-falsification/reports/falsification/embed_noise/science/20251029_2048/run_17/trace.csv,science,567,0.47821974074074075,0.4990378961090676,-0.0,1.597656,6.9e-05,0.3060763104056437,0.16250564383712807,0.001796,0.778388,0.373763,-0.7463857434268361,286,0.17240212698412696,none,170,0.000616611096233204,0.47795414462081126,False,566,run_17,/Users/joeystafford/repos/semantic-resonance-budget-falsification/reports/falsification/embed_noise/science/20251029_2048/run_17
/Users/joeystafford/repos/semantic-resonance-budget-falsification/reports/falsification/embed_noise/science/20251029_2048/run_18/trace.csv,science,689,0.4284700159651668,0.45350833138000046,-0.0,1.603516,0.001472,0.31627513933236573,0.165553298886425,0.002625,0.833624,0.308311,-0.7130940915700128,343,0.18434665021770683,none,-221,9.174436724873493e-05,0.4876632801161103,False,688,run_18,/Users/joeystafford/repos/semantic-resonance-budget-falsification/reports/falsification/embed_noise/science/20251029_2048/run_18
/Users/joeystafford/repos/semantic-resonance-budget-falsification/reports/falsification/embed_noise/science/20251029_2048/run_19/trace.csv,science,580,0.3633319775862069,0.43025836815602314,-0.0,1.59082,2e-05,0.3699518586206897,0.1772045010740922,0.008772,0.844907,0.365962,-0.7172506276091714,289,0.19623265689655173,none,-236,-0.00029403567859841357,0.45689655172413796,False,579,run_19,/Users/joeystafford/repos/semantic-resonance-budget-falsification/reports/falsification/embed_noise/science/20251029_2048/run_19
/Users/joeystafford/repos/semantic-resonance-budget-falsification/reports/falsification/embed_noise/science/20251029_2048/run_20/trace.csv,science,695,0.32350698273381295,0.42464777188482,-0.0,1.560547,0.131836,0.36870126330935254,0.16508436812199132,0.011786,0.940271,0.282643,-0.7174568439465391,344,0.1847560158273381,none,139,-0.00030122883742494163,0.4776978417266187,False,694,run_20,/Users/joeystafford/repos/semantic-resonance-budget-falsification/reports/falsification/embed_noise/science/20251029_2048/run_20
/Users/joeystafford/repos/semantic-resonance-budget-falsification/reports/falsification/embed_noise/science/20251029_2048/run_21/trace.csv,science,566,0.44977734628975263,0.4722501753352602,-0.0,1.600586,0.000415,0.30290175795053004,0.16500447336077545,0.002516,0.82704,0.359526,-0.6771361129780629,282,0.1841056448763251,none,1,-0.00012591937116139938,0.4717314487632509,False,565,run_21,/Users/joeystafford/repos/semantic-resonance-budget-falsification/reports/falsification/embed_noise/science/20251029_2048/run_21
/Users/joeystafford/repos/semantic-resonance-budget-falsification/reports/falsification/embed_noise/science/20251029_2048/run_22/trace.csv,science,627,0.32933457735247207,0.4364943953459456,-0.0,1.582031,0.000244,0.3444968676236045,0.16429299408297854,0.008681,0.765846,0.345651,-0.6870923192940702,308,0.17804386921850082,none,-131,0.00015828586825002817,0.45454545454545453,False,626,run_22,/Users/joeystafford/repos/semantic-resonance-budget-falsification/reports/falsification/embed_noise/science/20251029_2048/run_22
/Users/joeystafford/repos/semantic-resonance-budget-falsification/reports/falsification/embed_noise/science/20251029_2048/run_23/trace.csv,science,631,0.4242037496038035,0.45793270213117643,-0.0,1.572266,2.5e-05,0.3143653692551506,0.16980364556213656,0.008024,0.822812,0.39599,-0.7044402875880347,299,0.18989396988906496,none,-116,-0.0002678534602117455,0.4865293185419968,False,630,run_23,/Users/joeystafford/repos/semantic-resonance-budget-falsification/reports/falsification/embed_noise/science/20251029_2048/run_23
/Users/joeystafford/repos/semantic-resonance-budget-falsification/reports/falsification/embed_noise/science/20251029_2048/run_24/trace.csv,science,576,0.43814990625,0.4657661498527538,-0.0,1.558594,0.006298,0.36433796875,0.18363573613891243,0.009263,0.815416,0.294254,-0.7669950553147458,282,0.2025973767361111,none,-87,-0.00019115842450958168,0.4895833333333333,False,575,run_24,/Users/joeystafford/repos/semantic-resonance-budget-falsification/reports/falsification/embed_noise/science/20251029_2048/run_24
/Users/joeystafford/repos/semantic-resonance-budget-falsification/reports/falsification/embed_noise/science/20251029_2048/run_25/trace.csv,science,798,0.4351406177944862,0.4751729947025209,-0.0,1.578125,2.6e-05,0.3077826240601504,0.16346775794105303,0.004548,0.838201,0.409906,-0.6716463519751025,395,0.19257997368421054,none,51,-2.2032623172055678e-05,0.487468671679198,False,797,run_25,/Users/joeystafford/repos/semantic-resonance-budget-falsification/reports/falsification/embed_noise/science/20251029_2048/run_25
/Users/joeystafford/repos/semantic-resonance-budget-falsification/reports/falsification/embed_noise/science/20251029_2048/run_26/trace.csv,science,671,0.3606398807749628,0.44475700016674735,-0.0,1.595703,0.032501,0.35227653800298064,0.16970696636231472,0.004203,0.841041,0.308342,-0.7353853981416973,327,0.18668713561847988,none,351,-0.00040513504519397935,0.481371087928465,False,670,run_26,/Users/joeystafford/repos/semantic-resonance-budget-falsification/reports/falsification/embed_noise/science/20251029_2048/run_26
/Users/joeystafford/repos/semantic-resonance-budget-falsification/reports/falsification/embed_noise/science/20251029_2048/run_27/trace.csv,science,660,0.38143570000000004,0.44798672844681764,-0.0,1.584961,2.3e-05,0.3275536666666667,0.15755628489858295,0.005418,0.968239,0.389887,-0.7019600953210482,311,0.17220195909090907,none,45,-2.030126356830795e-05,0.49242424242424243,False,659,run_27,/Users/joeystafford/repos/semantic-resonance-budget-falsification/reports/falsification/embed_noise/science/20251029_2048/run_27
/Users/joeystafford/repos/semantic-resonance-budget-falsification/reports/falsification/embed_noise/science/20251029_2048/run_28/trace.csv,science,602,0.4802185930232558,0.46507951079452986,-0.0,1.570312,0.002382,0.3048531611295681,0.16713160725228837,0.006045,0.860352,0.335196,-0.7225141584239971,305,0.194543561461794,none,-301,-0.00021780403973465948,0.5083056478405316,False,601,run_28,/Users/joeystafford/repos/semantic-resonance-budget-falsification/reports/falsification/embed_noise/science/20251029_2048/run_28
/Users/joeystafford/repos/semantic-resonance-budget-falsification/reports/falsification/embed_noise/science/20251029_2048/run_29/trace.csv,science,738,0.3712688875338753,0.42556170299701274,-0.0,1.547852,1.3e-05,0.3465790189701897,0.15841071536269416,0.011402,0.825591,0.431149,-0.6407407362526882,365,0.16813012059620597,none,152,-0.00022667715977866808,0.4905149051490515,False,737,run_29,/Users/joeystafford/repos/semantic-resonance-budget-falsification/reports/falsification/embed_noise/science/20251029_2048/run_29
